{
  "clientId": 12,
  "descriptor": [
    -0.18035966157913208,
    0.1306733340024948,
    0.09689375013113022,
    -0.05216377228498459,
    -0.0407082624733448,
    -0.0414484478533268,
    -0.003881001379340887,
    -0.04398657754063606,
    0.19269117712974548,
    -0.0643090307712555,
    0.2564047574996948,
    0.006629462353885174,
    -0.1879182755947113,
    -0.04882393777370453,
    -0.026142247021198273,
    0.0773465633392334,
    -0.17769205570220947,
    -0.06439678370952606,
    -0.0025458105374127626,
    -0.04983764514327049,
    0.1267499029636383,
    0.06828433275222778,
    0.04012702777981758,
    0.03241821005940437,
    -0.1829536259174347,
    -0.369867205619812,
    -0.09603812545537949,
    -0.08234845101833344,
    0.12317436188459396,
    -0.05067400634288788,
    0.048608988523483276,
    0.048650991171598434,
    -0.08874442428350449,
    0.010609018616378307,
    0.026634136214852333,
    0.08825881034135818,
    -0.048413049429655075,
    -0.010822111740708351,
    0.2264300286769867,
    0.04225623980164528,
    -0.1711176186800003,
    -0.025196723639965057,
    0.006000298075377941,
    0.3026319444179535,
    0.15881256759166718,
    0.06242578104138374,
    0.08479268848896027,
    -0.14716053009033203,
    0.1307697296142578,
    -0.1710905134677887,
    0.0768720731139183,
    0.16789093613624573,
    0.045070625841617584,
    0.06667255610227585,
    0.12125061452388763,
    -0.16508863866329193,
    -0.011161501519382,
    0.09853746742010117,
    -0.1737397462129593,
    0.11719569563865662,
    0.05315947160124779,
    -0.053242526948451996,
    -0.00129610241856426,
    -0.0587228499352932,
    0.1148969903588295,
    0.022273141890764236,
    -0.14452505111694336,
    -0.1293545365333557,
    0.144171804189682,
    -0.1622839868068695,
    -0.02732258103787899,
    0.17044982314109802,
    -0.10801597684621811,
    -0.2042287141084671,
    -0.26236462593078613,
    0.06333460658788681,
    0.44619056582450867,
    0.17386750876903534,
    -0.10182742774486542,
    -0.009780222550034523,
    -0.01480324286967516,
    -0.07156765460968018,
    0.11353529989719391,
    0.1550210565328598,
    -0.1417161375284195,
    -0.008879520930349827,
    -0.09244153648614883,
    0.03799917921423912,
    0.1466647982597351,
    0.04087097570300102,
    -0.047776296734809875,
    0.23376120626926422,
    0.017306359484791756,
    0.11380402743816376,
    -0.014029786922037601,
    0.06173364818096161,
    -0.17087416350841522,
    0.02350975014269352,
    -0.07286946475505829,
    -0.06205672398209572,
    0.042843297123909,
    -0.07774557173252106,
    0.04361274465918541,
    0.12263299524784088,
    -0.14812427759170532,
    0.18768376111984253,
    -0.007262316532433033,
    0.019624190405011177,
    -0.011980284005403519,
    0.05240268260240555,
    -0.09510673582553864,
    -0.016300298273563385,
    0.1276746690273285,
    -0.21381302177906036,
    0.12827812135219574,
    0.17592884600162506,
    0.06818369030952454,
    0.16143138706684113,
    0.1303674727678299,
    0.060701604932546616,
    -0.001991717843338847,
    -0.02040887624025345,
    -0.12070038914680481,
    0.013847118243575096,
    -0.010295442305505276,
    -0.0409269742667675,
    0.07386130094528198,
    -0.02814490906894207
  ],
  "registeredAt": "2025-08-07T02:02:36.617Z",
  "photo": "C:\\Users\\default.LAPTOP-OBBTCLMD\\Desktop\\Projects\\biometric-system\\apps\\backend\\faces/30984985_cliente.jpg"
}